{
    "transform_selected": "identity",
    "baseline_holdout_r2": 0.5421273239440887,
    "model_holdout_r2": {
        "LightGBM": 0.9573850022398472,
        "XGBoost": 0.9656549851800185,
        "CatBoost": 0.9574505365417123,
        "ContinuousMLP": 0.91928315512747
    },
    "ensemble_holdout_r2": 0.9656006864127783,
    "local_score": 96.56006864127782,
    "recorded_online_score": 90.69774,
    "cv_lb_gap": 5.862328641277827,
    "leaderboard_top": 100.0,
    "real_task_validation_status": "FAILED_NO_MATCHING_SLOTS",
    "ensemble_oof_r2": 0.9482825413129294,
    "ensemble_oof_rmse": 0.03233601077376532,
    "ensemble_oof_mae": 0.02091671647462406,
    "stack_method": "nnls_bounded_stack",
    "baseline_floor_applied": false,
    "run_id": 14
}