{
    "ensemble_r2": 0.9518134254742012,
    "validation_r2": 0.9329904549522113,
    "ensemble_rmse": 0.024799936692001697,
    "ensemble_mae": 0.017861110153053524
}