{
    "ensemble_r2": 0.9518139260534286,
    "validation_r2": 0.9329871794893797,
    "ensemble_rmse": 0.02479980787639783,
    "ensemble_mae": 0.017861843175377076
}