{
    "ensemble_r2": 0.9518124098396153,
    "validation_r2": 0.9329873800407271,
    "ensemble_rmse": 0.024800198046341156,
    "ensemble_mae": 0.01786238411754042
}